sleep_disorder,activity_level,stress_level,unique_persons,total_records,avg_sleep_hours,avg_sleep_quality_score,min_sleep_hours,max_sleep_hours,pct_sleep_deprived,pct_optimal_sleep,pct_oversleeping,pct_good_sleep_quality,pct_poor_sleep_quality,avg_heart_rate_bpm,avg_blood_oxygen_pct,avg_systolic_bp,avg_diastolic_bp,avg_daily_steps,pct_sedentary,pct_active,avg_doctor_visits,avg_insurance_cost,avg_claims_amount,pct_elevated_heart_rate,pct_low_blood_oxygen,pct_hypertensive,avg_age,pct_male,pct_missing_blood_oxygen,pct_missing_stress_level,created_at
none,highly active,3,40,1049,6.43,7.42,3.55,9.32,37.94,36.03,1.14,55.48,0.0,69.6,97.8,123.9,81.4,7718.0,50.24,27.84,4.1,1454.71,565.22,3.24,11.53,10.58,41.9,52.43,1.72,0.0,2026-01-10 16:50:04.049562+00:00
none,sedentary,3,41,982,6.56,7.53,2.15,9.6,30.65,25.46,12.32,59.57,0.0,73.8,98.3,123.8,81.1,6220.0,60.9,19.35,4.6,1333.5,605.63,6.52,3.05,6.72,45.3,59.98,1.63,0.0,2026-01-10 16:50:04.049562+00:00
none,highly_active,5,41,972,6.42,7.4,1.99,9.44,32.3,25.1,1.44,52.47,0.0,76.1,97.8,122.5,80.3,8047.0,41.98,30.45,4.0,1371.26,595.23,4.84,2.67,2.26,40.1,51.13,3.4,0.0,2026-01-10 16:50:04.049562+00:00
none,seddentary,5,40,952,6.51,7.54,1.8,9.6,39.18,32.77,9.66,59.14,0.0,76.1,97.9,124.1,81.2,8607.0,48.95,34.35,4.3,1322.37,619.27,5.36,5.67,6.2,44.6,51.89,0.0,0.0,2026-01-10 16:50:04.049562+00:00
none,highly_active,6,39,929,6.36,7.51,3.23,9.48,44.03,34.88,1.29,61.46,0.0,74.8,97.6,123.0,80.5,7884.0,51.35,28.74,4.0,1324.71,571.94,1.83,2.26,2.69,40.1,44.03,5.6,0.0,2026-01-10 16:50:04.049562+00:00
none,sedentary,2,38,897,6.76,7.55,3.22,9.93,29.88,42.14,6.91,58.75,0.0,70.7,98.1,123.3,80.7,5752.0,61.09,13.82,4.4,1361.73,607.24,1.78,3.57,6.47,45.6,64.33,4.68,0.0,2026-01-10 16:50:04.049562+00:00
none,seddentary,6,39,887,6.66,7.46,3.14,11.04,33.03,39.35,5.86,57.84,0.0,71.4,97.7,124.2,81.3,8585.0,49.72,27.62,4.1,1378.73,608.33,2.25,4.74,5.86,45.8,48.14,5.98,0.0,2026-01-10 16:50:04.049562+00:00
none,active,8,35,887,6.55,7.48,3.7,11.19,35.06,35.96,2.82,57.27,0.0,68.5,98.1,123.3,80.9,8300.0,51.97,25.03,4.0,1343.52,623.69,6.76,3.16,5.3,45.7,56.71,6.2,0.0,2026-01-10 16:50:04.049562+00:00
none,actve,7,42,880,6.59,7.43,3.03,11.01,35.91,29.55,5.68,56.14,0.0,76.7,97.7,124.5,81.3,7053.0,50.34,21.59,4.1,1332.05,615.66,8.18,12.39,4.89,45.3,53.64,2.27,0.0,2026-01-10 16:50:04.049562+00:00
none,actve,3,42,876,6.92,7.42,0.59,10.1,30.02,37.1,14.61,54.68,0.0,77.9,97.5,124.0,81.0,5907.0,54.79,18.72,4.2,1295.63,629.03,5.25,11.07,3.77,45.0,46.23,3.42,0.0,2026-01-10 16:50:04.049562+00:00
none,seddentary,7,39,861,6.78,7.48,2.72,10.38,35.42,29.73,9.06,56.91,0.0,73.6,97.9,123.3,80.6,6602.0,48.55,21.14,4.2,1300.34,643.8,1.63,3.72,3.48,46.0,53.66,0.0,0.0,2026-01-10 16:50:04.049562+00:00
none,highly_active,2,42,857,6.44,7.55,2.45,9.57,40.26,30.11,2.33,60.56,0.0,77.3,98.0,123.4,80.7,7209.0,52.51,24.5,4.2,1325.74,584.13,5.83,6.77,1.87,41.8,47.14,0.47,0.0,2026-01-10 16:50:04.049562+00:00
none,active,9,36,843,6.43,7.49,3.19,9.21,44.25,37.6,3.56,58.24,0.0,74.9,98.0,123.4,80.5,7831.0,43.18,24.08,4.4,1330.84,584.57,4.51,6.29,4.03,41.9,43.42,3.32,0.0,2026-01-10 16:50:04.049562+00:00
none,active,3,39,827,6.85,7.49,3.89,12.14,32.89,28.9,8.95,54.41,0.0,73.3,97.9,123.6,80.9,7059.0,45.1,27.69,4.0,1350.67,607.27,4.35,3.87,5.32,45.0,57.68,4.35,0.0,2026-01-10 16:50:04.049562+00:00
none,highly active,8,41,808,6.5,7.48,3.12,10.66,34.65,25.5,6.44,55.94,0.0,72.5,97.7,123.6,81.0,7739.0,47.65,35.27,4.2,1371.31,591.0,3.71,6.93,6.68,43.8,59.65,0.0,0.0,2026-01-10 16:50:04.049562+00:00
none,sedentary,4,41,800,6.45,7.53,3.14,10.61,45.88,26.0,3.0,60.5,0.0,75.2,97.9,124.0,81.0,7730.0,48.25,30.25,4.2,1396.18,578.96,0.75,6.75,4.75,42.6,40.38,0.5,0.0,2026-01-10 16:50:04.049562+00:00
none,seddentary,3,42,797,6.26,7.51,3.09,9.28,44.67,31.62,2.01,58.22,0.0,80.2,98.0,124.1,81.3,5913.0,62.48,16.81,4.4,1370.14,590.87,7.03,2.51,8.66,49.7,53.2,3.76,0.0,2026-01-10 16:50:04.049562+00:00
none,highly active,2,32,795,6.49,7.5,2.39,9.46,36.6,35.6,2.26,56.98,0.0,77.7,97.8,123.2,80.8,10992.0,26.54,44.15,4.3,1309.28,603.18,3.77,3.27,4.28,40.7,55.35,0.25,0.0,2026-01-10 16:50:04.049562+00:00
none,sedentary,10,41,794,6.6,7.44,3.02,9.82,35.39,34.51,4.41,54.16,0.0,72.5,98.4,123.3,80.4,6842.0,39.29,21.28,4.1,1333.21,609.75,4.91,4.41,0.88,41.3,44.46,3.27,0.0,2026-01-10 16:50:04.049562+00:00
none,highly active,10,37,789,6.53,7.46,3.11,9.8,37.26,36.38,5.58,54.63,0.0,75.9,97.5,123.7,80.9,6594.0,41.57,22.56,3.8,1308.02,590.08,4.18,6.59,5.7,44.1,55.77,9.13,0.0,2026-01-10 16:50:04.049562+00:00
none,actve,2,40,785,6.26,7.53,2.74,9.41,40.64,31.21,3.57,58.98,0.0,73.7,98.1,123.6,80.7,6089.0,54.01,28.41,4.2,1320.88,588.02,2.55,5.86,1.15,43.9,49.43,2.68,0.0,2026-01-10 16:50:04.049562+00:00
none,sedentary,5,35,784,6.46,7.38,2.68,9.79,40.82,30.74,5.74,50.64,0.0,75.7,98.0,123.3,80.7,6997.0,50.0,24.74,4.2,1329.73,630.59,4.08,15.05,1.66,44.8,65.05,0.0,0.0,2026-01-10 16:50:04.049562+00:00
none,seddentary,2,40,781,6.78,7.47,3.26,10.51,24.46,28.17,6.79,56.72,0.0,75.9,98.1,124.2,81.3,4998.0,69.4,9.86,4.1,1390.06,554.56,5.51,6.53,8.19,46.5,69.65,4.87,0.0,2026-01-10 16:50:04.049562+00:00
none,active,7,41,779,6.27,7.51,3.76,9.56,46.73,32.22,2.05,60.98,0.0,77.2,97.8,123.7,80.8,6939.0,51.22,23.36,4.5,1400.03,599.5,5.13,8.22,3.72,44.1,48.78,0.26,0.0,2026-01-10 16:50:04.049562+00:00
none,seddentary,1,37,776,6.44,7.41,3.29,9.79,47.94,28.35,4.9,53.61,0.0,76.8,98.2,123.7,81.0,6324.0,50.13,23.97,4.3,1421.14,607.04,9.02,6.44,6.57,45.0,48.84,0.0,0.0,2026-01-10 16:50:04.049562+00:00
none,sedentary,7,39,774,6.33,7.53,3.28,10.46,46.25,32.3,2.2,57.62,0.0,78.3,97.9,123.1,80.7,9922.0,42.89,35.01,4.4,1310.29,604.44,6.98,8.79,3.62,41.5,59.95,3.88,0.0,2026-01-10 16:50:04.049562+00:00
none,highly active,6,40,772,6.71,7.69,3.08,10.27,28.5,33.29,6.99,66.71,0.0,76.6,97.7,123.9,80.7,6705.0,45.34,18.13,4.3,1387.34,578.89,2.85,12.18,2.98,46.4,35.36,1.81,0.0,2026-01-10 16:50:04.049562+00:00
none,actve,5,42,751,6.5,7.6,3.92,9.9,33.56,29.43,4.13,64.85,0.0,73.8,97.8,123.6,80.9,5902.0,61.78,18.24,4.2,1303.89,591.99,1.33,6.52,3.33,42.5,56.59,4.93,0.0,2026-01-10 16:50:04.049562+00:00
none,active,6,41,741,5.96,7.6,2.89,9.64,46.42,28.07,0.54,61.67,0.0,78.3,97.9,123.4,80.7,6158.0,46.83,23.89,3.8,1396.88,551.12,11.47,2.83,2.43,45.6,49.39,4.99,0.0,2026-01-10 16:50:04.049562+00:00
none,active,4,39,727,6.6,7.65,3.17,9.97,35.9,37.0,4.95,63.14,0.0,77.4,97.6,123.8,81.0,7573.0,51.31,25.58,4.2,1403.27,580.77,5.5,6.88,5.09,46.4,42.64,4.68,0.0,2026-01-10 16:50:04.049562+00:00
none,seddentary,8,37,721,6.56,7.5,3.47,9.49,36.2,38.7,1.11,54.37,0.0,74.1,97.7,123.4,80.6,7808.0,48.96,31.9,3.9,1407.17,573.53,6.66,6.93,1.53,41.4,49.24,6.8,0.0,2026-01-10 16:50:04.049562+00:00
none,highly active,9,37,708,6.71,7.36,1.11,10.29,36.72,36.72,6.07,50.0,0.0,74.0,97.9,124.6,81.3,7550.0,45.9,25.28,4.1,1355.97,637.85,3.67,4.52,5.93,48.4,46.75,10.03,0.0,2026-01-10 16:50:04.049562+00:00
none,actve,6,41,690,6.47,7.46,2.66,10.4,40.87,28.26,5.65,55.51,0.0,81.0,98.0,123.9,81.0,7096.0,53.33,24.35,4.1,1404.24,587.75,8.7,1.16,3.19,48.6,51.88,2.61,0.0,2026-01-10 16:50:04.049562+00:00
none,actve,8,36,688,6.09,7.57,2.69,10.49,50.15,14.39,5.67,58.43,0.0,76.8,97.3,123.1,80.6,9026.0,45.78,36.34,4.3,1290.94,633.8,5.52,3.49,4.94,43.6,64.68,9.45,0.0,2026-01-10 16:50:04.049562+00:00
none,highly_active,9,36,687,6.28,7.31,3.42,10.24,47.6,31.59,3.49,46.29,0.0,73.8,97.8,124.4,81.2,7834.0,39.3,23.14,4.2,1360.41,603.13,4.95,7.71,8.01,48.8,67.69,7.28,0.0,2026-01-10 16:50:04.049562+00:00
none,actve,1,38,673,6.74,7.5,2.66,9.94,34.32,38.34,8.17,55.42,0.0,72.8,97.7,123.4,80.8,6823.0,48.29,30.61,4.0,1301.64,579.74,1.93,2.38,4.01,44.4,56.46,6.24,0.0,2026-01-10 16:50:04.049562+00:00
none,actve,4,38,672,6.45,7.45,2.89,9.65,33.33,30.95,1.19,51.93,0.0,80.2,97.5,123.3,80.7,6084.0,53.13,20.39,4.1,1327.04,583.4,18.45,9.82,4.02,42.2,53.72,2.23,0.0,2026-01-10 16:50:04.049562+00:00
none,active,10,39,661,6.37,7.45,3.2,10.5,44.93,20.27,8.47,57.64,0.0,75.7,97.8,124.3,81.3,8278.0,54.16,24.81,4.3,1337.36,617.72,4.99,6.81,4.84,45.1,47.81,1.82,0.0,2026-01-10 16:50:04.049562+00:00
none,highly_active,1,38,651,6.77,7.58,3.84,10.33,29.95,45.62,4.3,58.06,0.0,75.7,98.2,123.8,80.9,5972.0,57.45,22.58,4.0,1410.65,574.09,4.61,5.38,3.69,43.0,47.93,2.15,0.0,2026-01-10 16:50:04.049562+00:00
none,highly active,5,31,650,6.21,7.64,2.62,9.78,42.77,24.46,4.62,68.46,0.0,70.6,98.5,124.0,81.1,5283.0,58.46,14.0,4.2,1325.09,581.71,5.23,2.0,3.54,40.9,50.0,2.77,0.0,2026-01-10 16:50:04.049562+00:00
none,highly_active,10,33,650,6.57,7.56,2.84,9.65,42.62,32.46,5.23,57.08,0.0,77.6,98.2,122.9,80.5,6176.0,54.0,27.69,4.4,1243.68,610.77,4.0,7.38,4.31,44.0,61.54,3.38,0.0,2026-01-10 16:50:04.049562+00:00
none,highly_active,7,37,632,6.2,7.56,1.29,9.8,49.21,19.62,11.08,56.49,0.0,73.5,98.1,123.6,80.8,9310.0,44.3,34.97,4.2,1362.54,591.75,0.0,6.65,4.43,39.8,45.89,1.74,0.0,2026-01-10 16:50:04.049562+00:00
none,seddentary,4,36,628,6.04,7.4,2.32,10.16,51.59,19.11,2.87,52.55,0.0,76.0,98.2,124.3,81.1,6047.0,51.43,25.64,4.5,1355.75,606.34,8.6,7.48,2.39,47.9,49.84,0.32,0.0,2026-01-10 16:50:04.049562+00:00
none,active,5,39,627,6.86,7.61,3.51,10.46,28.39,33.65,6.06,61.72,0.0,73.7,97.5,124.1,81.1,6479.0,53.11,29.35,4.5,1435.67,590.97,3.99,8.77,6.54,48.4,47.53,3.19,0.0,2026-01-10 16:50:04.049562+00:00
none,sedentary,8,34,606,6.6,7.42,3.3,10.1,34.82,33.99,7.26,56.93,0.0,76.2,98.2,123.7,81.0,6444.0,52.97,18.32,4.0,1364.9,589.56,3.3,6.93,6.11,43.3,47.85,0.99,0.0,2026-01-10 16:50:04.049562+00:00
none,highly active,7,38,604,6.89,7.46,3.41,9.96,23.34,42.22,2.32,57.12,0.0,74.2,97.5,124.0,81.0,7045.0,44.54,25.99,4.2,1331.87,587.26,2.98,0.99,4.14,44.3,50.99,2.15,0.0,2026-01-10 16:50:04.049562+00:00
none,highly active,4,35,603,6.25,7.71,2.3,8.67,39.97,24.88,0.0,67.5,0.0,72.6,97.8,123.7,80.9,6693.0,44.28,17.41,4.4,1444.96,598.4,4.15,9.29,4.31,50.9,52.24,0.5,0.0,2026-01-10 16:50:04.049562+00:00
none,seddentary,10,34,598,6.48,7.41,3.17,9.83,40.64,27.42,5.69,51.51,0.0,74.3,98.0,123.7,80.5,7975.0,40.64,28.43,4.0,1244.32,625.83,1.51,7.02,0.0,49.8,39.46,5.02,0.0,2026-01-10 16:50:04.049562+00:00
none,actve,10,39,596,6.47,7.45,3.23,9.37,42.11,39.26,1.34,54.19,0.0,73.8,98.0,123.5,80.8,7637.0,37.42,32.05,4.1,1350.12,585.89,2.01,7.21,3.69,47.8,57.72,6.04,0.0,2026-01-10 16:50:04.049562+00:00
none,active,2,33,590,6.3,7.59,1.71,9.02,35.59,30.0,1.02,62.2,0.0,72.8,97.5,124.5,81.4,7178.0,43.9,21.86,4.0,1397.61,569.65,1.02,10.34,3.22,46.2,53.9,2.71,0.0,2026-01-10 16:50:04.049562+00:00
none,actve,9,35,587,6.31,7.61,2.42,9.51,38.84,26.92,0.34,60.48,0.0,75.2,97.8,123.2,80.4,9009.0,42.76,36.12,4.2,1406.3,617.11,2.39,5.96,2.56,45.9,55.2,0.0,0.0,2026-01-10 16:50:04.049562+00:00
none,highly_active,8,33,580,6.59,7.6,3.31,9.04,34.31,35.0,4.14,57.41,0.0,75.0,97.8,123.4,80.5,6989.0,53.28,25.34,4.2,1460.97,601.75,0.0,5.52,1.03,43.6,38.62,2.76,0.0,2026-01-10 16:50:04.049562+00:00
none,highly active,1,36,570,6.53,7.5,3.26,9.87,29.3,33.16,3.16,54.04,0.0,71.7,98.0,123.4,80.6,6143.0,51.58,21.58,4.6,1305.48,598.47,7.89,5.61,2.28,43.8,60.35,0.7,0.0,2026-01-10 16:50:04.049562+00:00
none,sedentary,9,36,569,6.52,7.6,2.93,10.27,30.05,30.4,4.04,64.32,0.0,75.8,97.5,123.7,80.6,6461.0,44.64,15.29,4.4,1385.0,623.05,7.38,12.48,1.23,48.3,36.91,4.57,0.0,2026-01-10 16:50:04.049562+00:00
none,sedentary,6,39,563,6.37,7.41,2.81,9.58,39.61,38.72,2.84,46.36,0.0,79.8,98.2,124.0,80.9,6472.0,49.2,27.71,3.9,1439.34,600.07,13.14,2.13,4.97,45.6,42.81,5.33,0.0,2026-01-10 16:50:04.049562+00:00
none,highly_active,4,32,560,6.68,7.32,3.58,10.37,34.46,38.21,7.5,52.32,0.0,69.9,97.7,123.9,81.2,7109.0,51.96,18.39,4.1,1330.62,615.82,1.07,8.93,3.75,44.6,49.82,0.0,0.0,2026-01-10 16:50:04.049562+00:00
none,active,1,37,554,6.64,7.44,2.85,10.02,40.79,23.83,14.44,49.28,0.0,73.5,98.0,123.4,80.9,7767.0,47.11,28.7,3.8,1480.76,563.08,6.86,8.12,5.42,44.1,46.21,0.0,0.0,2026-01-10 16:50:04.049562+00:00
none,seddentary,9,36,553,6.53,7.37,1.79,10.75,41.77,28.75,10.67,51.72,0.0,72.8,97.6,123.7,80.8,5605.0,54.97,12.66,4.0,1448.73,567.73,1.45,14.29,3.98,47.7,38.34,1.81,0.0,2026-01-10 16:50:04.049562+00:00
none,sedentary,1,30,552,6.42,7.41,3.5,10.39,39.31,24.82,2.54,55.98,0.0,75.5,97.9,123.6,80.9,6185.0,57.79,21.74,4.2,1378.16,604.66,12.5,11.41,5.8,47.8,48.73,3.26,0.0,2026-01-10 16:50:04.049562+00:00
none,highly_active,3,34,492,6.02,7.38,3.43,9.53,44.72,21.95,1.83,50.41,0.0,76.6,97.8,123.2,80.2,7759.0,48.58,31.5,3.9,1379.51,571.92,2.03,0.41,4.27,44.9,52.03,0.0,0.0,2026-01-10 16:50:04.049562+00:00
insomnia,highly_active,6,21,326,6.5,6.76,3.85,9.48,38.96,33.74,0.61,11.04,3.68,75.4,97.4,132.1,87.0,6930.0,39.57,24.23,4.2,1413.33,593.22,1.84,1.53,45.09,37.4,27.61,7.98,0.0,2026-01-10 16:50:04.049562+00:00
insomnia,active,9,21,320,6.91,6.77,3.19,9.21,30.94,43.75,10.0,11.25,0.0,72.9,97.7,131.6,86.6,8380.0,37.5,30.31,4.2,1412.53,594.81,5.94,7.81,40.31,37.1,25.63,4.69,0.0,2026-01-10 16:50:04.049562+00:00
insomnia,actve,7,18,311,6.7,6.61,3.03,11.01,32.8,39.23,3.86,0.0,1.29,75.9,97.3,133.1,88.1,7701.0,39.87,24.12,4.2,1383.55,625.83,3.86,21.22,62.06,46.2,47.59,0.0,0.0,2026-01-10 16:50:04.049562+00:00
insomnia,sedentary,4,23,303,6.21,6.72,3.14,8.97,52.48,23.1,0.0,9.9,1.32,72.2,97.7,132.0,86.8,7333.0,53.47,19.47,4.1,1437.17,603.35,2.64,9.9,38.61,40.1,34.32,0.0,0.0,2026-01-10 16:50:04.049562+00:00
sleep apnea,highly_active,5,24,296,6.49,7.2,3.67,9.34,35.14,35.47,0.68,38.85,5.07,75.6,97.9,137.4,92.7,7739.0,47.3,32.09,3.9,1412.95,554.62,4.39,3.38,80.74,42.8,51.35,4.39,0.0,2026-01-10 16:50:04.049562+00:00
insomnia,sedentary,5,20,290,6.57,6.76,3.76,9.43,40.34,30.69,8.62,8.28,2.76,78.4,97.9,132.7,87.3,7974.0,45.52,33.45,4.4,1440.09,663.41,1.38,10.0,44.48,36.1,45.52,0.0,0.0,2026-01-10 16:50:04.049562+00:00
insomnia,sedentary,2,17,290,7.01,6.68,3.67,9.79,31.38,45.17,16.55,10.34,2.76,74.3,97.9,131.7,86.7,4147.0,80.34,6.21,4.6,1503.95,591.53,2.07,4.83,37.93,40.7,51.72,2.41,0.0,2026-01-10 16:50:04.049562+00:00
insomnia,sedentary,3,21,283,6.55,6.79,2.15,10.09,29.33,31.45,9.19,6.36,1.41,69.3,98.0,133.1,87.9,6024.0,62.19,9.89,4.5,1383.07,638.93,2.12,4.95,59.36,36.7,45.23,0.0,0.0,2026-01-10 16:50:04.049562+00:00
insomnia,actve,3,22,278,6.69,6.87,0.59,9.57,32.01,44.6,6.47,10.79,2.88,84.1,97.8,132.9,87.7,6184.0,55.76,28.42,4.2,1354.16,676.48,14.39,5.04,54.68,37.9,23.02,4.32,0.0,2026-01-10 16:50:04.049562+00:00
insomnia,highly active,2,20,272,6.26,6.75,2.39,9.46,45.59,26.47,2.94,4.41,1.47,76.9,97.6,132.6,87.6,10124.0,43.38,40.44,4.2,1356.26,594.34,5.51,8.09,55.51,39.6,37.13,0.0,0.0,2026-01-10 16:50:04.049562+00:00
sleep apnea,highly active,3,24,269,6.57,7.68,3.79,9.32,33.46,35.69,3.72,53.53,1.12,69.8,97.7,137.9,93.3,8427.0,42.01,33.83,3.8,1465.29,556.06,4.09,11.52,88.1,35.7,49.07,0.0,0.0,2026-01-10 16:50:04.049562+00:00
sleep apnea,sedentary,5,21,267,6.1,7.77,3.39,9.79,56.93,25.84,4.49,57.68,1.5,72.9,97.8,139.1,93.9,6879.0,53.56,25.09,4.1,1398.06,605.09,0.0,19.48,90.64,43.0,72.66,0.0,0.0,2026-01-10 16:50:04.049562+00:00
insomnia,actve,6,22,259,6.04,6.54,3.15,9.06,54.83,20.85,1.54,2.32,4.63,78.9,98.2,133.3,87.8,6659.0,50.58,31.66,4.2,1424.08,610.2,8.11,0.0,49.42,39.9,44.4,1.16,0.0,2026-01-10 16:50:04.049562+00:00
insomnia,sedentary,10,23,257,6.91,6.64,3.32,9.76,25.68,31.13,17.51,4.67,1.56,78.4,98.6,132.5,87.3,5601.0,42.8,15.56,4.2,1371.91,613.93,17.51,1.17,47.08,42.5,40.86,5.45,0.0,2026-01-10 16:50:04.049562+00:00
insomnia,seddentary,10,19,256,6.62,6.73,3.17,9.83,28.13,23.05,8.59,9.38,6.25,73.6,98.2,132.2,87.2,5919.0,50.78,17.19,3.6,1300.08,612.59,1.17,7.03,47.66,43.3,30.47,4.69,0.0,2026-01-10 16:50:04.049562+00:00
sleep apnea,sedentary,2,21,255,6.66,7.78,3.62,9.93,33.33,47.06,5.49,59.61,3.53,70.5,98.2,139.3,94.0,4107.0,76.47,10.59,3.9,1381.44,558.95,2.35,0.0,90.59,44.8,76.08,3.14,0.0,2026-01-10 16:50:04.049562+00:00
sleep apnea,sedentary,10,24,255,6.71,7.16,3.02,9.82,31.76,28.63,10.2,43.14,10.2,74.4,98.2,137.8,92.9,5058.0,52.55,9.02,3.8,1435.8,567.05,9.8,5.88,80.0,46.5,60.0,1.57,0.0,2026-01-10 16:50:04.049562+00:00
insomnia,active,10,20,254,6.3,6.68,3.49,9.51,46.46,27.56,3.94,9.45,1.57,72.7,97.6,132.4,87.1,7390.0,57.09,29.53,4.6,1456.14,678.91,6.69,5.51,38.58,38.2,31.89,0.0,0.0,2026-01-10 16:50:04.049562+00:00
insomnia,actve,9,17,253,6.43,6.7,2.42,10.02,40.32,26.48,2.37,9.49,3.16,76.2,98.3,131.7,86.7,9815.0,20.16,44.27,3.9,1479.82,557.3,1.19,1.58,41.11,37.0,41.5,0.79,0.0,2026-01-10 16:50:04.049562+00:00
insomnia,active,7,18,251,6.38,6.78,4.0,9.55,54.18,31.87,5.58,9.56,0.0,76.3,98.0,132.2,87.1,6908.0,55.38,27.89,4.3,1496.87,569.65,5.58,4.38,47.01,37.2,37.05,0.0,0.0,2026-01-10 16:50:04.049562+00:00
insomnia,seddentary,3,21,248,6.25,6.71,3.01,8.22,38.71,35.89,0.0,7.26,1.61,77.4,97.8,132.5,87.2,6044.0,57.26,23.39,4.4,1465.21,573.74,2.42,1.21,46.37,41.3,34.27,0.0,0.0,2026-01-10 16:50:04.049562+00:00
insomnia,active,5,17,241,7.33,6.8,4.11,10.46,18.26,34.02,16.6,12.45,0.0,76.0,97.3,131.9,86.9,7599.0,41.91,30.71,4.6,1622.27,581.76,9.13,7.88,43.15,44.0,38.17,0.0,0.0,2026-01-10 16:50:04.049562+00:00
sleep apnea,highly_active,6,23,241,6.59,7.71,3.23,9.48,34.02,41.08,0.83,56.85,5.81,73.4,97.2,138.3,93.1,7794.0,48.96,21.99,3.8,1393.42,555.83,4.56,7.47,82.16,41.9,56.43,0.0,0.0,2026-01-10 16:50:04.049562+00:00
insomnia,active,2,21,240,6.75,6.6,3.47,8.86,27.08,47.08,0.0,2.5,0.0,74.1,98.2,132.8,87.5,6941.0,39.17,20.83,4.1,1458.35,560.06,2.5,0.83,49.58,46.9,43.33,3.33,0.0,2026-01-10 16:50:04.049562+00:00
insomnia,sedentary,6,19,238,6.63,6.89,3.32,8.85,34.87,54.62,0.0,17.65,1.68,75.2,97.9,131.3,86.3,8634.0,38.24,42.02,4.0,1539.27,667.07,6.3,0.0,31.09,40.3,21.85,5.04,0.0,2026-01-10 16:50:04.049562+00:00
sleep apnea,highly_active,9,23,235,6.63,7.84,3.42,10.24,35.74,32.34,7.66,62.13,4.68,76.6,97.6,139.0,93.8,7597.0,49.36,28.09,4.0,1415.79,583.86,5.96,7.66,89.36,46.4,75.32,0.85,0.0,2026-01-10 16:50:04.049562+00:00
insomnia,highly active,7,23,235,6.82,6.61,4.53,8.71,24.68,50.64,0.0,5.11,1.7,72.4,97.5,132.6,87.3,7706.0,34.04,31.06,3.9,1376.22,590.54,7.66,0.85,45.11,42.2,42.13,1.28,0.0,2026-01-10 16:50:04.049562+00:00
sleep apnea,active,3,22,233,6.63,7.29,4.13,12.14,40.34,34.76,4.29,44.64,6.44,75.8,97.9,139.0,94.0,6179.0,54.94,18.45,3.7,1397.0,540.47,6.01,3.43,89.7,42.0,66.09,1.72,0.0,2026-01-10 16:50:04.049562+00:00
none,actve,unknown,16,231,6.23,7.73,2.14,9.52,46.75,31.6,6.49,71.86,0.0,68.2,98.2,124.4,81.4,5447.0,51.95,15.58,4.3,1358.74,567.45,0.0,0.0,9.52,47.4,40.26,13.42,100.0,2026-01-10 16:50:04.049562+00:00
insomnia,highly_active,1,15,231,6.42,6.84,3.6,9.3,41.13,32.03,7.79,10.39,0.0,80.2,97.7,133.1,87.4,5988.0,56.71,19.48,3.7,1545.41,477.88,7.79,10.82,53.25,39.6,43.72,8.66,0.0,2026-01-10 16:50:04.049562+00:00
sleep apnea,actve,6,25,229,6.58,7.23,2.66,10.4,36.24,22.27,7.42,41.48,4.8,80.7,97.9,138.7,93.6,6414.0,51.97,19.21,3.8,1468.36,603.55,12.66,3.49,85.59,46.1,64.19,1.75,0.0,2026-01-10 16:50:04.049562+00:00
sleep apnea,actve,7,25,229,6.78,7.78,3.06,9.39,34.5,43.23,5.24,60.7,3.49,72.4,97.5,139.1,94.0,7874.0,49.78,31.0,3.9,1395.65,606.18,3.93,12.23,90.39,43.1,68.12,4.8,0.0,2026-01-10 16:50:04.049562+00:00
insomnia,highly active,10,21,228,6.13,6.75,3.11,9.47,50.0,30.7,5.26,7.89,3.51,74.8,97.3,132.4,87.3,5624.0,52.19,19.74,3.5,1358.17,580.69,3.95,5.26,50.88,41.7,28.95,0.88,0.0,2026-01-10 16:50:04.049562+00:00
insomnia,highly active,9,15,228,6.53,6.61,2.67,10.29,47.81,41.67,4.82,0.0,1.75,74.2,97.7,132.6,87.6,9023.0,45.61,27.63,4.0,1322.05,651.46,4.39,10.53,52.63,49.1,46.05,8.33,0.0,2026-01-10 16:50:04.049562+00:00
sleep apnea,active,7,22,228,6.49,7.55,3.76,9.56,39.47,39.91,3.07,52.63,4.82,75.4,97.8,138.6,93.7,9104.0,53.95,26.75,4.1,1439.45,604.45,1.32,10.09,89.47,42.4,58.33,0.0,0.0,2026-01-10 16:50:04.049562+00:00
insomnia,highly_active,9,18,227,6.2,6.85,3.43,8.95,45.37,31.72,0.0,13.22,1.76,82.3,98.1,132.2,87.0,7192.0,46.26,30.84,4.5,1486.97,716.69,18.5,3.52,38.77,41.5,48.46,1.32,0.0,2026-01-10 16:50:04.049562+00:00
sleep apnea,active,6,26,226,6.37,7.52,3.04,9.64,37.17,42.92,1.77,52.65,7.52,78.7,97.9,138.5,93.5,6233.0,52.21,28.32,3.7,1436.23,548.78,16.37,6.64,86.28,44.6,52.65,7.52,0.0,2026-01-10 16:50:04.049562+00:00
insomnia,seddentary,1,20,224,6.89,6.58,3.93,9.79,28.13,26.34,15.18,2.68,0.0,73.0,98.3,132.5,87.3,7086.0,53.13,30.8,4.2,1478.7,555.46,0.0,10.71,46.88,42.8,48.21,3.57,0.0,2026-01-10 16:50:04.049562+00:00
sleep apnea,highly_active,2,25,224,6.46,7.49,2.54,9.57,38.84,29.46,7.59,51.79,6.7,75.4,97.8,138.3,93.5,8528.0,49.11,30.36,3.9,1401.77,572.81,5.36,8.04,86.61,44.8,54.46,1.79,0.0,2026-01-10 16:50:04.049562+00:00
sleep apnea,seddentary,7,24,224,6.85,7.21,3.8,9.88,31.25,45.09,6.7,43.75,7.59,74.1,98.0,138.9,93.7,8761.0,42.41,37.95,4.0,1359.17,610.75,5.36,7.14,89.29,45.4,67.86,0.0,0.0,2026-01-10 16:50:04.049562+00:00
insomnia,actve,2,20,223,6.32,6.77,3.42,8.82,40.81,33.63,0.0,8.07,3.59,75.2,97.8,132.0,87.0,7053.0,53.36,37.67,3.9,1357.94,608.08,0.0,16.14,45.29,36.8,39.46,2.69,0.0,2026-01-10 16:50:04.049562+00:00
sleep apnea,sedentary,4,23,221,5.91,7.48,3.47,9.22,66.97,14.93,1.81,47.96,4.98,73.7,97.7,137.5,92.8,9898.0,33.48,36.2,4.0,1494.19,575.22,1.36,5.88,81.45,41.8,58.82,1.81,0.0,2026-01-10 16:50:04.049562+00:00
insomnia,highly active,8,19,221,6.27,6.48,3.12,9.52,45.7,27.15,2.71,0.0,3.62,72.6,97.4,132.6,87.4,6066.0,56.11,29.41,4.2,1353.97,588.66,1.81,8.14,46.15,38.5,50.23,0.0,0.0,2026-01-10 16:50:04.049562+00:00
insomnia,actve,10,21,220,6.42,6.7,3.23,9.37,32.73,29.55,1.82,5.45,1.82,73.0,98.2,132.5,87.4,7227.0,38.18,34.55,3.8,1445.21,510.93,9.55,11.82,51.36,41.0,50.91,1.82,0.0,2026-01-10 16:50:04.049562+00:00
insomnia,highly_active,2,22,220,6.55,6.52,2.45,9.06,31.36,34.09,1.36,5.45,3.64,72.4,98.2,131.9,86.7,9639.0,48.64,27.27,4.6,1402.8,603.61,6.36,2.73,35.0,39.8,37.27,0.0,0.0,2026-01-10 16:50:04.049562+00:00
sleep apnea,sedentary,3,26,219,6.62,7.69,2.86,10.09,25.57,31.05,7.76,56.62,6.39,74.3,98.0,138.4,93.1,6250.0,53.88,17.35,3.9,1363.37,551.64,9.59,1.37,82.19,43.2,64.84,2.28,0.0,2026-01-10 16:50:04.049562+00:00
insomnia,sedentary,9,20,218,6.83,6.56,2.93,10.27,29.36,18.81,16.97,2.75,1.83,75.9,97.0,132.4,87.2,6368.0,44.5,17.43,4.3,1445.74,595.58,7.34,13.76,45.41,40.5,27.52,5.5,0.0,2026-01-10 16:50:04.049562+00:00
insomnia,actve,5,22,218,6.66,6.72,4.25,9.46,23.39,27.06,5.5,11.01,1.83,74.7,98.0,131.7,86.7,6170.0,51.38,21.56,4.2,1478.86,604.44,0.92,2.29,39.45,38.1,22.48,0.0,0.0,2026-01-10 16:50:04.049562+00:00
sleep apnea,seddentary,6,23,216,6.95,7.08,4.23,11.04,29.63,35.65,10.19,38.43,6.02,78.2,97.8,138.8,93.8,8693.0,49.07,31.48,3.9,1390.37,594.9,3.7,4.17,88.43,45.8,56.94,6.02,0.0,2026-01-10 16:50:04.049562+00:00
sleep apnea,highly active,8,25,216,5.86,7.32,3.12,10.66,41.67,14.35,0.93,44.91,6.94,70.1,97.6,138.0,92.9,7323.0,50.93,30.56,3.8,1341.17,559.93,1.85,12.04,80.09,45.4,75.0,0.0,0.0,2026-01-10 16:50:04.049562+00:00
insomnia,highly active,6,18,216,6.85,6.5,3.34,9.85,24.54,38.89,8.8,2.78,0.0,79.0,98.5,131.9,86.9,7567.0,54.17,18.98,4.3,1474.57,531.58,6.48,1.39,41.2,43.6,43.06,0.0,0.0,2026-01-10 16:50:04.049562+00:00
sleep apnea,seddentary,8,21,215,6.24,6.99,3.47,8.92,48.84,36.28,0.0,32.09,4.65,72.4,97.7,137.3,92.5,7118.0,59.53,21.4,3.9,1471.22,579.17,3.72,3.72,79.53,43.7,57.21,3.72,0.0,2026-01-10 16:50:04.049562+00:00
sleep apnea,highly active,6,20,214,6.91,7.59,3.39,10.27,30.37,40.65,6.07,53.27,3.27,76.3,97.9,138.6,93.6,8120.0,39.72,19.63,4.0,1479.79,567.04,3.27,14.02,89.25,46.6,44.39,2.34,0.0,2026-01-10 16:50:04.049562+00:00
insomnia,seddentary,8,22,213,6.51,6.76,3.47,9.14,23.94,30.05,0.94,8.45,0.0,76.0,97.3,132.5,87.2,6700.0,48.36,23.47,4.1,1505.01,592.35,9.39,7.51,43.19,43.3,45.54,20.19,0.0,2026-01-10 16:50:04.049562+00:00
sleep apnea,seddentary,1,21,212,6.07,7.63,3.29,9.48,41.98,16.98,1.89,54.72,5.19,76.3,98.4,138.4,93.4,7619.0,29.72,38.68,4.0,1426.64,557.01,11.79,4.72,87.26,42.8,52.83,3.77,0.0,2026-01-10 16:50:04.049562+00:00
insomnia,highly active,4,21,211,6.2,6.7,3.38,9.41,44.55,11.37,3.79,8.53,1.9,76.1,98.5,132.5,87.1,4581.0,64.45,9.48,4.3,1514.27,550.57,13.27,0.95,44.55,42.2,36.97,5.21,0.0,2026-01-10 16:50:04.049562+00:00
insomnia,seddentary,4,19,210,6.39,6.7,2.32,10.16,40.0,27.14,1.43,5.71,1.9,72.7,98.4,133.1,87.5,6083.0,46.67,20.48,4.6,1490.51,558.2,0.0,4.29,48.1,42.0,52.86,0.0,0.0,2026-01-10 16:50:04.049562+00:00
insomnia,seddentary,6,19,208,6.42,6.8,4.23,8.47,39.9,32.21,0.0,5.77,0.0,75.0,98.2,133.6,88.2,6833.0,56.25,21.15,4.3,1443.84,677.34,3.85,1.92,61.54,44.1,25.0,3.85,0.0,2026-01-10 16:50:04.049562+00:00
sleep apnea,highly_active,3,22,207,6.52,7.47,3.43,9.49,28.02,32.85,4.83,49.76,6.76,75.4,97.5,138.3,93.4,7076.0,60.87,33.33,3.9,1433.17,577.13,2.42,0.0,85.51,43.6,60.87,0.0,0.0,2026-01-10 16:50:04.049562+00:00
insomnia,sedentary,8,15,206,6.63,6.74,4.31,8.64,31.55,46.12,0.0,14.56,3.88,78.9,98.4,130.8,85.9,6689.0,62.14,30.58,3.5,1496.53,531.91,10.68,5.83,28.64,35.7,21.36,5.83,0.0,2026-01-10 16:50:04.049562+00:00
insomnia,highly_active,3,16,205,6.51,6.78,3.57,9.49,37.07,26.34,1.46,5.85,0.0,79.5,98.0,132.5,87.5,6549.0,58.05,25.37,3.7,1415.57,591.38,0.0,0.0,55.12,37.2,41.46,0.0,0.0,2026-01-10 16:50:04.049562+00:00
sleep apnea,highly active,10,21,204,6.89,7.54,3.33,9.8,30.39,47.55,2.45,54.41,4.9,75.6,97.8,139.3,94.3,8059.0,37.25,35.29,3.8,1348.74,590.6,11.76,9.8,93.14,41.8,68.14,5.88,0.0,2026-01-10 16:50:04.049562+00:00
sleep apnea,seddentary,4,22,204,6.39,7.84,3.98,10.16,40.69,20.59,4.41,62.25,4.41,79.9,98.3,139.2,93.9,7145.0,41.18,36.76,4.0,1410.1,597.57,11.27,9.31,90.2,46.2,61.76,0.0,0.0,2026-01-10 16:50:04.049562+00:00
insomnia,highly_active,4,17,202,6.7,6.64,4.17,9.5,33.66,40.59,4.95,5.94,1.98,69.9,98.3,132.1,86.9,8941.0,42.57,31.68,3.8,1381.0,614.6,4.95,0.0,39.6,39.0,26.24,0.0,0.0,2026-01-10 16:50:04.049562+00:00
sleep apnea,seddentary,9,24,198,6.62,7.45,1.79,10.75,37.88,23.74,16.16,50.0,4.04,73.3,98.3,139.3,94.2,5961.0,47.47,16.16,3.9,1453.1,603.49,2.02,10.61,92.42,44.3,48.99,2.53,0.0,2026-01-10 16:50:04.049562+00:00
insomnia,highly active,5,17,198,6.62,6.62,2.62,9.42,41.41,36.36,6.06,3.03,0.0,78.0,97.3,133.0,87.6,7173.0,41.41,19.7,4.3,1498.34,590.33,16.16,2.53,51.01,39.3,26.77,1.52,0.0,2026-01-10 16:50:04.049562+00:00
sleep apnea,actve,4,21,198,6.47,7.2,4.53,8.92,29.8,21.21,0.0,38.89,7.58,79.0,97.6,137.2,92.3,5479.0,63.64,21.21,3.9,1389.59,562.4,15.66,4.04,74.24,42.1,63.13,0.0,0.0,2026-01-10 16:50:04.049562+00:00
sleep apnea,active,8,19,197,6.26,7.11,3.7,9.19,41.12,25.38,2.54,37.06,4.06,66.3,98.2,138.5,93.6,7470.0,53.81,15.23,3.8,1381.66,612.05,4.57,7.11,87.82,41.8,53.3,8.12,0.0,2026-01-10 16:50:04.049562+00:00
sleep apnea,highly active,9,22,197,7.05,7.29,4.17,10.01,31.98,49.24,10.15,46.7,10.66,73.2,97.8,138.1,93.2,9389.0,46.19,28.43,4.0,1422.18,574.44,0.0,13.2,81.22,46.7,56.35,7.11,0.0,2026-01-10 16:50:04.049562+00:00
sleep apnea,actve,3,25,197,6.55,7.59,0.59,10.1,37.56,30.96,11.17,52.28,3.55,77.5,97.0,138.9,93.6,5624.0,58.38,19.8,3.8,1384.52,566.98,6.09,20.3,86.8,44.3,58.88,0.0,0.0,2026-01-10 16:50:04.049562+00:00
sleep apnea,highly_active,1,21,196,6.89,7.91,3.89,9.31,21.43,56.12,2.55,61.73,2.55,77.1,97.9,138.1,93.2,8518.0,44.9,35.71,3.9,1449.65,564.73,6.12,3.57,85.71,37.6,61.73,1.53,0.0,2026-01-10 16:50:04.049562+00:00
sleep apnea,active,9,21,193,6.28,7.13,3.19,9.17,43.52,32.12,3.63,39.38,7.77,76.9,98.0,138.3,93.1,7594.0,43.52,26.42,3.9,1456.6,564.35,4.66,5.7,83.42,48.5,53.37,2.07,0.0,2026-01-10 16:50:04.049562+00:00
insomnia,seddentary,7,18,192,6.97,6.61,3.8,9.81,32.81,43.75,6.77,0.0,0.0,79.0,97.7,133.5,87.9,7269.0,33.33,20.31,4.3,1359.27,617.86,9.38,3.13,52.6,49.3,43.23,0.0,0.0,2026-01-10 16:50:04.049562+00:00
insomnia,actve,8,21,191,6.35,6.57,1.73,10.49,28.8,14.14,6.81,3.14,0.0,76.0,97.6,132.8,87.4,5389.0,70.68,15.71,4.2,1407.22,603.78,6.28,7.33,44.5,43.0,48.17,9.95,0.0,2026-01-10 16:50:04.049562+00:00
sleep apnea,seddentary,2,22,191,6.93,7.74,3.89,10.69,26.7,35.6,8.9,56.54,2.09,74.4,98.2,137.9,92.9,6428.0,46.07,15.18,3.9,1415.65,569.04,2.62,2.62,84.82,44.3,69.63,6.28,0.0,2026-01-10 16:50:04.049562+00:00
insomnia,highly active,3,17,190,6.82,6.62,3.33,8.99,31.58,57.37,0.0,6.32,4.21,73.2,98.0,132.6,87.3,8336.0,43.16,30.53,4.7,1531.96,580.53,4.21,13.68,44.21,39.1,43.16,1.58,0.0,2026-01-10 16:50:04.049562+00:00
insomnia,seddentary,9,19,190,6.83,6.67,3.19,9.67,31.05,27.89,16.84,9.47,4.21,73.1,97.8,132.2,86.9,6800.0,62.63,18.95,4.0,1484.93,600.58,2.11,10.53,36.32,40.8,39.47,0.0,0.0,2026-01-10 16:50:04.049562+00:00
insomnia,active,8,18,190,6.1,6.59,3.9,8.38,48.42,34.21,0.0,6.32,4.21,76.0,97.8,131.9,86.9,6768.0,42.11,18.95,3.7,1408.94,522.02,17.37,12.63,43.68,50.1,36.84,3.68,0.0,2026-01-10 16:50:04.049562+00:00
insomnia,actve,1,18,189,5.97,6.76,2.73,9.94,55.03,19.05,3.7,9.52,2.12,73.9,97.4,132.5,87.4,8021.0,46.03,31.75,4.1,1348.66,667.64,3.17,11.64,48.15,38.6,29.63,2.12,0.0,2026-01-10 16:50:04.049562+00:00
sleep apnea,highly_active,7,22,189,6.22,8.01,1.29,9.72,46.56,26.98,7.94,67.72,5.29,75.2,98.0,138.8,93.5,6495.0,51.85,26.98,3.9,1362.42,572.58,0.0,4.23,89.42,38.6,42.86,7.41,0.0,2026-01-10 16:50:04.049562+00:00
insomnia,active,6,19,188,5.71,6.63,3.25,8.75,49.47,29.79,0.0,9.57,8.51,77.4,97.3,131.9,87.0,9321.0,27.13,42.02,3.7,1506.04,571.42,9.04,2.66,42.02,43.4,40.96,10.11,0.0,2026-01-10 16:50:04.049562+00:00
sleep apnea,sedentary,7,22,187,6.65,7.61,3.29,9.3,36.36,39.57,1.6,53.48,5.88,77.9,98.0,138.6,93.3,9043.0,49.2,35.29,3.9,1364.22,593.13,10.7,10.7,82.89,42.3,75.4,3.21,0.0,2026-01-10 16:50:04.049562+00:00
sleep apnea,seddentary,5,19,186,6.33,7.01,3.32,9.22,41.4,27.42,10.75,34.95,4.84,74.2,98.0,138.8,93.8,8490.0,47.31,37.1,3.7,1405.59,584.72,5.38,4.3,88.17,44.3,48.92,0.0,0.0,2026-01-10 16:50:04.049562+00:00
sleep apnea,actve,2,20,185,6.44,7.82,3.68,9.69,41.62,33.51,2.7,61.62,4.32,74.4,98.3,138.6,93.8,4761.0,66.49,21.08,4.0,1394.33,534.22,0.0,2.16,90.27,44.8,54.59,4.86,0.0,2026-01-10 16:50:04.049562+00:00
insomnia,highly_active,7,18,185,6.72,6.69,4.8,9.72,23.24,16.22,10.81,9.73,0.0,74.9,98.2,131.9,86.7,9049.0,40.0,27.03,4.5,1491.17,689.51,6.49,1.62,32.43,36.7,33.51,1.62,0.0,2026-01-10 16:50:04.049562+00:00
insomnia,active,4,19,184,5.74,6.53,3.17,8.94,46.74,16.3,0.0,6.52,2.17,77.6,97.3,131.6,86.6,13066.0,37.5,51.63,4.4,1442.73,605.27,14.13,13.04,34.78,38.0,25.54,0.0,0.0,2026-01-10 16:50:04.049562+00:00
sleep apnea,actve,9,21,182,6.35,7.7,2.42,10.02,35.71,34.07,1.65,56.59,3.85,74.6,98.2,138.7,93.6,8426.0,35.16,36.26,4.0,1442.77,577.45,0.0,4.4,88.46,44.8,78.57,2.2,0.0,2026-01-10 16:50:04.049562+00:00
insomnia,sedentary,1,16,179,6.66,6.9,3.5,9.72,38.55,30.17,6.7,6.7,0.0,77.5,98.3,133.9,88.3,6507.0,54.75,30.73,4.3,1489.6,621.26,10.06,7.82,63.13,40.3,35.75,1.68,0.0,2026-01-10 16:50:04.049562+00:00
none,seddentary,unknown,15,175,6.15,7.69,3.64,10.34,38.86,36.57,7.43,60.0,0.0,66.1,98.2,122.4,79.9,6895.0,60.57,21.14,3.8,1314.1,612.08,0.0,1.14,1.71,46.4,61.14,9.14,100.0,2026-01-10 16:50:04.049562+00:00
sleep apnea,highly active,2,17,175,6.71,7.52,3.66,9.46,30.29,34.29,5.71,49.71,6.86,74.3,97.5,137.9,92.5,11847.0,36.0,44.57,4.0,1280.14,588.84,2.86,13.14,76.57,42.9,74.29,0.0,0.0,2026-01-10 16:50:04.049562+00:00
insomnia,sedentary,7,17,175,6.42,6.67,4.22,8.92,47.43,25.14,0.0,6.86,6.86,79.4,98.3,133.0,87.6,8648.0,44.0,36.0,4.5,1439.77,582.57,6.29,8.0,49.71,38.1,53.71,5.71,0.0,2026-01-10 16:50:04.049562+00:00
insomnia,active,3,20,172,6.86,6.65,4.57,9.5,27.33,43.6,1.74,3.49,2.33,77.7,98.4,133.3,87.9,5164.0,58.14,16.86,4.5,1466.46,598.66,3.49,2.33,52.91,42.9,55.23,0.0,0.0,2026-01-10 16:50:04.049562+00:00
insomnia,active,1,16,172,6.56,6.83,3.2,9.93,44.77,24.42,11.63,13.95,6.98,74.8,97.3,132.3,87.2,8379.0,61.05,24.42,3.7,1521.3,626.98,12.79,9.3,47.09,34.9,26.74,0.0,0.0,2026-01-10 16:50:04.049562+00:00
sleep apnea,highly active,1,22,171,6.76,7.29,3.26,10.4,30.41,45.61,5.85,43.27,7.6,73.7,98.7,137.5,92.2,5295.0,54.39,16.96,4.0,1435.14,608.75,3.51,0.0,74.27,46.3,60.82,0.0,0.0,2026-01-10 16:50:04.049562+00:00
sleep apnea,highly_active,8,23,170,6.61,7.05,3.69,10.77,38.24,18.82,8.24,37.06,10.0,76.7,97.8,137.6,92.5,7141.0,48.24,19.41,3.9,1543.95,571.14,0.0,0.0,79.41,47.9,43.53,0.0,0.0,2026-01-10 16:50:04.049562+00:00
sleep apnea,seddentary,10,23,170,6.44,7.53,3.49,9.79,40.0,30.0,3.53,56.47,9.41,76.9,97.8,138.8,93.5,7561.0,42.35,34.12,3.9,1375.5,573.67,7.06,4.12,88.24,52.0,62.94,5.29,0.0,2026-01-10 16:50:04.049562+00:00
sleep apnea,actve,1,19,167,6.56,7.1,2.66,9.94,46.11,28.14,10.78,41.92,12.57,73.6,98.0,137.3,92.1,5927.0,56.29,18.56,4.0,1313.96,555.92,1.2,0.0,76.65,54.1,63.47,0.0,0.0,2026-01-10 16:50:04.049562+00:00
sleep apnea,sedentary,8,22,167,6.88,7.25,3.3,10.1,23.95,34.73,8.38,42.51,6.59,78.6,97.8,138.5,93.5,6602.0,50.9,13.17,3.8,1421.93,571.96,5.99,3.59,86.23,42.7,50.9,0.0,0.0,2026-01-10 16:50:04.049562+00:00
insomnia,seddentary,5,15,166,6.33,6.6,3.95,9.15,43.98,25.3,2.41,7.23,0.0,73.5,97.6,131.6,86.6,9034.0,48.19,34.34,4.7,1370.97,579.85,1.81,8.43,34.94,47.3,35.54,0.0,0.0,2026-01-10 16:50:04.049562+00:00
sleep apnea,actve,10,22,166,6.28,7.74,3.24,9.37,35.54,31.33,2.41,54.82,2.41,68.5,97.4,138.5,93.3,6391.0,46.39,25.9,3.9,1398.97,584.49,0.0,11.45,83.13,43.7,67.47,8.43,0.0,2026-01-10 16:50:04.049562+00:00
sleep apnea,actve,8,19,164,5.7,7.56,1.73,9.33,59.15,7.93,3.66,52.44,4.88,76.4,97.7,139.0,93.6,10013.0,42.68,30.49,4.0,1317.22,592.2,0.0,3.66,87.8,39.9,75.61,10.37,0.0,2026-01-10 16:50:04.049562+00:00
insomnia,highly_active,5,18,164,5.93,6.71,3.67,9.44,41.46,19.51,2.44,7.32,0.0,76.0,97.7,131.8,86.8,7936.0,43.9,26.22,3.9,1338.52,530.38,2.44,4.88,43.9,40.4,46.34,0.0,0.0,2026-01-10 16:50:04.049562+00:00
insomnia,seddentary,2,18,164,6.69,6.48,4.35,10.51,39.63,35.37,4.27,3.66,7.32,78.7,97.8,131.6,86.6,4447.0,71.95,4.27,4.3,1485.25,506.81,4.88,10.98,34.76,50.6,61.59,2.44,0.0,2026-01-10 16:50:04.049562+00:00
sleep apnea,sedentary,1,16,163,6.79,7.28,3.61,10.39,37.42,30.06,8.59,44.17,4.91,75.2,97.9,138.8,93.5,7760.0,42.94,26.99,4.2,1483.78,622.04,16.56,9.82,88.96,46.4,50.31,0.0,0.0,2026-01-10 16:50:04.049562+00:00
none,active,unknown,11,163,6.93,7.48,4.02,9.06,24.54,38.04,17.18,58.9,0.0,84.4,98.2,123.0,80.8,5096.0,71.78,18.4,4.2,1485.91,522.94,24.54,0.0,11.66,42.5,45.4,6.13,100.0,2026-01-10 16:50:04.049562+00:00
sleep apnea,actve,5,20,161,6.59,7.32,3.92,9.75,31.06,29.81,5.59,44.72,4.35,75.4,97.7,138.9,93.4,6350.0,59.01,14.91,4.0,1346.79,589.38,1.24,13.04,87.58,48.8,67.08,4.97,0.0,2026-01-10 16:50:04.049562+00:00
sleep apnea,active,4,23,161,6.42,6.8,2.81,9.97,39.75,33.54,2.48,26.09,4.35,77.2,97.4,138.2,93.0,6509.0,51.55,27.33,3.8,1408.15,626.91,2.48,3.73,80.75,53.7,42.24,7.45,0.0,2026-01-10 16:50:04.049562+00:00
sleep apnea,sedentary,9,21,161,6.63,6.71,2.93,9.78,26.09,36.65,2.48,27.95,11.8,77.6,97.9,138.1,93.0,7371.0,47.83,26.71,3.9,1546.15,610.35,2.48,5.59,80.12,52.6,52.8,0.0,0.0,2026-01-10 16:50:04.049562+00:00
sleep apnea,active,2,20,158,6.23,7.31,1.71,9.02,38.61,32.28,1.9,46.84,10.76,73.6,97.5,137.9,92.6,6863.0,46.2,27.85,3.9,1408.29,564.22,5.7,4.43,78.48,46.1,71.52,0.0,0.0,2026-01-10 16:50:04.049562+00:00
sleep apnea,seddentary,3,21,157,6.04,7.11,3.09,9.28,47.13,19.11,5.1,33.76,2.55,75.1,98.2,138.3,93.1,7345.0,52.87,24.2,4.0,1403.55,594.39,0.0,0.0,80.89,48.5,61.15,0.0,0.0,2026-01-10 16:50:04.049562+00:00
sleep apnea,highly active,5,18,157,6.08,7.17,2.62,9.38,41.4,29.94,2.55,42.04,11.46,69.8,98.0,138.0,93.0,7387.0,51.59,28.03,3.9,1453.88,626.03,0.0,7.64,82.8,41.0,57.96,0.0,0.0,2026-01-10 16:50:04.049562+00:00
sleep apnea,highly_active,10,18,157,6.45,7.15,4.24,9.11,43.95,35.03,2.55,40.13,7.01,75.8,97.8,138.6,93.2,6508.0,49.68,33.12,3.8,1296.47,563.28,0.64,12.1,84.08,48.6,73.25,2.55,0.0,2026-01-10 16:50:04.049562+00:00
insomnia,actve,4,15,156,6.33,6.78,3.86,9.49,38.46,28.85,1.28,7.69,0.0,75.0,98.1,133.3,87.6,6015.0,63.46,17.31,4.3,1344.73,644.95,0.0,8.33,44.87,41.0,52.56,3.21,0.0,2026-01-10 16:50:04.049562+00:00
sleep apnea,active,1,22,153,6.62,7.07,2.85,10.02,36.6,12.42,19.61,35.29,7.19,75.9,97.8,137.1,92.4,8144.0,39.87,36.6,3.8,1519.69,604.95,12.42,9.8,78.43,43.7,35.95,0.0,0.0,2026-01-10 16:50:04.049562+00:00
sleep apnea,sedentary,6,23,152,6.16,7.25,2.94,9.58,43.42,21.71,7.89,42.11,5.92,81.9,97.7,137.5,92.7,7853.0,40.79,35.53,3.9,1484.58,579.42,17.76,3.95,79.61,46.7,53.29,10.53,0.0,2026-01-10 16:50:04.049562+00:00
insomnia,highly active,1,15,147,6.63,6.73,4.56,10.4,32.65,38.1,5.44,4.08,0.0,74.9,97.6,133.4,87.8,8180.0,34.69,37.41,4.6,1382.6,544.63,6.12,2.04,56.46,41.1,62.59,0.0,0.0,2026-01-10 16:50:04.049562+00:00
sleep apnea,active,10,20,145,6.53,7.46,3.87,10.5,32.41,20.0,9.66,51.72,7.59,73.9,97.9,138.9,93.7,8033.0,58.62,23.45,3.9,1378.44,571.31,4.83,2.07,86.9,46.1,60.69,0.0,0.0,2026-01-10 16:50:04.049562+00:00
insomnia,highly_active,10,16,144,6.59,6.8,4.91,8.65,43.06,52.08,0.0,8.33,0.0,75.5,98.3,132.7,87.7,4318.0,64.58,6.94,4.7,1467.54,676.46,2.08,4.17,53.47,41.2,40.97,0.0,0.0,2026-01-10 16:50:04.049562+00:00
sleep apnea,active,5,18,141,6.86,8.0,3.51,10.46,34.75,19.15,16.31,67.38,2.13,74.0,97.6,139.2,93.7,3974.0,73.05,15.6,4.0,1398.55,553.26,0.0,2.13,91.49,46.1,63.83,5.67,0.0,2026-01-10 16:50:04.049562+00:00
sleep apnea,highly active,7,18,135,6.78,7.44,4.19,8.83,22.22,44.44,0.0,48.89,4.44,79.9,97.3,138.7,93.6,6688.0,56.3,31.11,4.0,1483.53,583.35,13.33,1.48,88.15,42.2,74.07,2.96,0.0,2026-01-10 16:50:04.049562+00:00
sleep apnea,highly active,4,18,131,6.38,6.95,3.38,9.41,47.33,21.37,6.11,35.11,9.92,79.5,97.6,138.5,93.3,8369.0,30.53,26.72,3.8,1478.36,562.01,15.27,12.21,83.21,49.8,69.47,10.69,0.0,2026-01-10 16:50:04.049562+00:00
none,nan,5,9,127,6.64,7.68,4.34,9.31,20.47,25.98,3.15,59.84,0.0,67.4,98.4,123.1,80.2,6311.0,63.78,31.5,4.9,1493.1,566.41,0.0,0.0,0.0,39.0,31.5,0.0,0.0,2026-01-10 16:50:04.049562+00:00
sleep apnea,highly_active,4,19,125,6.45,7.54,3.58,8.73,36.8,40.8,0.0,50.4,2.4,70.6,97.5,138.9,93.6,9830.0,34.4,31.2,3.9,1321.8,623.95,8.0,11.2,85.6,42.6,60.0,0.0,0.0,2026-01-10 16:50:04.049562+00:00
insomnia,highly_active,8,16,119,6.92,6.82,4.15,10.77,33.61,47.9,10.08,15.13,3.36,80.4,98.2,131.4,86.4,7418.0,47.9,39.5,4.3,1489.12,687.62,0.0,6.72,32.77,39.1,22.69,0.0,0.0,2026-01-10 16:50:04.049562+00:00
none,sedentary,unknown,12,119,6.43,7.17,3.09,10.54,52.1,18.49,7.56,36.97,0.0,73.9,97.7,124.0,81.2,11014.0,37.82,48.74,4.5,1297.02,595.33,0.0,0.0,5.04,51.6,75.63,5.04,100.0,2026-01-10 16:50:04.049562+00:00
none,highly active,unknown,11,113,6.26,7.5,2.56,9.37,44.25,26.55,13.27,50.44,0.0,75.1,97.5,122.5,80.4,7784.0,53.98,31.86,4.5,1493.13,486.53,0.0,18.58,6.19,51.1,63.72,0.0,100.0,2026-01-10 16:50:04.049562+00:00
none,highly_active,unknown,11,108,6.71,7.83,4.88,8.38,7.41,14.81,0.0,72.22,0.0,69.4,97.3,123.8,80.6,2236.0,100.0,0.0,4.6,1418.06,641.36,0.0,0.0,2.78,50.0,53.7,2.78,100.0,2026-01-10 16:50:04.049562+00:00
none,nan,10,5,100,7.44,7.48,3.85,8.87,14.0,56.0,0.0,52.0,0.0,67.2,97.0,122.3,80.0,8530.0,30.0,30.0,3.6,1394.61,540.92,0.0,0.0,0.0,38.6,52.0,0.0,0.0,2026-01-10 16:50:04.049562+00:00
none,nan,2,11,89,7.5,7.73,4.65,9.62,13.48,31.46,26.97,55.06,0.0,84.4,97.6,121.7,79.5,8802.0,11.24,28.09,3.7,1398.69,593.99,3.37,2.25,0.0,38.6,38.2,0.0,0.0,2026-01-10 16:50:04.049562+00:00
none,highly_active,very high,2,88,5.64,7.32,4.12,6.45,34.09,0.0,0.0,65.91,0.0,64.5,98.2,125.9,83.4,7916.0,0.0,34.09,4.6,1515.07,549.69,0.0,0.0,34.09,46.8,68.18,0.0,0.0,2026-01-10 16:50:04.049562+00:00
insomnia,active,unknown,6,70,6.9,6.8,4.02,9.06,5.71,11.43,20.0,17.14,5.71,75.8,97.6,130.9,85.9,4142.0,71.43,2.86,4.0,1616.32,436.79,5.71,0.0,34.29,33.3,25.71,0.0,100.0,2026-01-10 16:50:04.049562+00:00
none,nan,1,6,66,6.85,7.61,5.11,8.39,21.21,75.76,0.0,62.12,0.0,69.5,98.7,123.1,80.5,7419.0,9.09,33.33,4.6,1366.15,607.37,9.09,0.0,0.0,38.3,45.45,0.0,0.0,2026-01-10 16:50:04.049562+00:00
none,nan,9,6,66,6.08,7.33,4.62,7.77,48.48,15.15,0.0,48.48,0.0,93.0,98.9,124.1,80.5,10608.0,6.06,45.45,3.7,1313.22,669.06,9.09,0.0,0.0,45.8,24.24,6.06,0.0,2026-01-10 16:50:04.049562+00:00
sleep apnea,seddentary,unknown,10,64,6.77,7.25,3.64,10.34,21.88,54.69,10.94,45.31,10.94,58.0,98.3,138.9,93.9,6730.0,40.63,18.75,3.8,1387.37,606.39,0.0,3.13,89.06,41.0,71.88,0.0,100.0,2026-01-10 16:50:04.049562+00:00
none,nan,6,5,62,6.51,7.4,5.31,7.39,30.65,14.52,0.0,56.45,0.0,78.9,96.7,125.7,83.0,3903.0,93.55,0.0,3.7,1335.78,595.51,4.84,0.0,24.19,54.7,79.03,0.0,0.0,2026-01-10 16:50:04.049562+00:00
none,nan,8,6,61,6.87,7.61,5.56,8.18,9.84,36.07,0.0,50.82,0.0,72.0,97.6,123.6,81.2,8693.0,65.57,24.59,4.1,1481.96,727.99,0.0,0.0,0.0,58.6,50.82,0.0,0.0,2026-01-10 16:50:04.049562+00:00
none,nan,7,7,56,7.32,7.46,4.88,9.32,16.07,8.93,32.14,42.86,0.0,83.6,96.1,124.0,80.6,4347.0,53.57,0.0,3.5,1432.11,609.44,0.0,28.57,0.0,53.8,48.21,0.0,0.0,2026-01-10 16:50:04.049562+00:00
insomnia,seddentary,unknown,7,50,7.36,6.5,6.62,8.13,0.0,76.0,0.0,0.0,0.0,66.8,98.1,132.5,87.5,9882.0,26.0,38.0,4.1,1485.31,610.71,0.0,0.0,50.0,39.6,50.0,8.0,100.0,2026-01-10 16:50:04.049562+00:00
sleep apnea,sedentary,unknown,8,50,6.44,6.6,3.09,9.55,40.0,20.0,12.0,32.0,18.0,72.7,98.6,138.4,93.4,8398.0,48.0,26.0,3.9,1168.34,617.22,0.0,0.0,82.0,57.7,84.0,0.0,100.0,2026-01-10 16:50:04.049562+00:00
insomnia,actve,unknown,7,48,5.73,6.46,4.59,8.97,70.83,14.58,0.0,0.0,0.0,73.4,97.7,132.3,87.3,3953.0,64.58,8.33,5.0,1422.86,583.3,0.0,0.0,45.83,48.8,25.0,35.42,100.0,2026-01-10 16:50:04.049562+00:00
none,nan,4,3,46,6.05,7.39,2.64,7.19,26.09,17.39,0.0,39.13,0.0,70.9,97.1,124.3,81.3,6883.0,73.91,13.04,3.2,1314.29,502.92,0.0,0.0,0.0,38.5,60.87,0.0,0.0,2026-01-10 16:50:04.049562+00:00
none,nan,3,7,46,5.89,7.7,3.61,8.46,60.87,39.13,0.0,52.17,0.0,71.1,98.4,122.2,80.2,8327.0,34.78,47.83,4.2,1419.55,671.05,0.0,0.0,0.0,42.0,86.96,0.0,0.0,2026-01-10 16:50:04.049562+00:00
insomnia,sedentary,unknown,7,44,6.17,6.95,3.09,9.55,63.64,13.64,6.82,13.64,9.09,74.8,97.7,132.5,87.6,10744.0,50.0,43.18,4.5,1291.81,740.38,0.0,0.0,50.0,43.6,50.0,0.0,100.0,2026-01-10 16:50:04.049562+00:00
insomnia,nan,9,4,42,6.56,7.05,4.91,7.4,28.57,42.86,0.0,14.29,0.0,93.9,98.5,133.7,87.8,11445.0,19.05,71.43,3.6,1339.69,562.01,42.86,0.0,61.9,33.8,28.57,0.0,0.0,2026-01-10 16:50:04.049562+00:00
sleep apnea,highly active,unknown,8,37,6.12,6.92,2.56,9.37,54.05,32.43,13.51,27.03,10.81,75.1,97.0,135.5,90.4,7245.0,56.76,21.62,4.1,1515.43,570.67,0.0,29.73,62.16,52.2,48.65,0.0,100.0,2026-01-10 16:50:04.049562+00:00
none,active,very high,3,36,6.33,7.61,3.84,7.45,44.44,55.56,0.0,72.22,0.0,81.2,97.7,126.1,82.9,3402.0,66.67,0.0,4.4,1324.08,759.05,0.0,0.0,8.33,44.6,44.44,0.0,0.0,2026-01-10 16:50:04.049562+00:00
none,sedentary,very high,4,36,7.02,7.61,5.51,8.91,5.56,11.11,0.0,66.67,0.0,78.8,98.8,126.9,81.9,5799.0,66.67,0.0,3.7,1154.56,757.39,0.0,0.0,0.0,47.7,11.11,0.0,0.0,2026-01-10 16:50:04.049562+00:00
sleep apnea,highly active,very high,4,33,6.54,8.36,5.61,6.92,27.27,0.0,0.0,81.82,9.09,86.1,99.8,139.3,94.3,12362.0,21.21,54.55,4.0,1504.07,504.23,0.0,0.0,90.91,36.8,100.0,0.0,0.0,2026-01-10 16:50:04.049562+00:00
insomnia,highly active,very high,4,33,6.47,6.64,5.61,6.92,24.24,0.0,0.0,0.0,0.0,85.3,99.4,134.9,88.7,13584.0,9.09,54.55,4.2,1482.19,539.06,0.0,0.0,63.64,35.6,87.88,0.0,0.0,2026-01-10 16:50:04.049562+00:00
sleep apnea,nan,7,6,32,7.67,6.72,6.33,9.32,0.0,18.75,31.25,25.0,15.63,71.9,96.7,137.9,92.7,5480.0,31.25,0.0,3.8,1585.28,545.5,0.0,12.5,71.88,45.1,68.75,25.0,0.0,2026-01-10 16:50:04.049562+00:00
none,actve,very high,2,32,4.42,7.5,3.77,6.39,75.0,0.0,0.0,50.0,0.0,73.6,98.3,122.5,80.6,1719.0,100.0,0.0,3.9,1676.1,514.55,0.0,0.0,0.0,23.5,0.0,0.0,0.0,2026-01-10 16:50:04.049562+00:00
sleep apnea,nan,5,6,31,7.12,6.06,5.0,9.31,6.45,22.58,12.9,0.0,6.45,74.8,98.2,136.7,92.4,8115.0,48.39,45.16,3.7,1731.55,599.18,0.0,0.0,80.65,45.3,12.9,0.0,0.0,2026-01-10 16:50:04.049562+00:00
none,seddentary,very high,4,30,6.36,8.23,5.17,8.28,36.67,10.0,0.0,86.67,0.0,71.6,97.8,126.5,83.1,6601.0,0.0,10.0,5.1,1767.69,572.14,0.0,0.0,13.33,68.9,36.67,53.33,0.0,2026-01-10 16:50:04.049562+00:00
insomnia,nan,1,3,30,8.0,6.53,5.11,10.6,13.33,46.67,40.0,0.0,0.0,62.5,98.7,132.7,87.7,5721.0,20.0,20.0,4.8,1315.22,764.99,0.0,0.0,53.33,28.5,13.33,0.0,0.0,2026-01-10 16:50:04.049562+00:00
sleep apnea,nan,4,5,29,6.6,7.83,2.64,8.77,13.79,44.83,0.0,51.72,0.0,70.0,96.3,138.6,93.1,5954.0,58.62,6.9,3.7,1334.91,535.98,0.0,27.59,72.41,34.2,79.31,0.0,0.0,2026-01-10 16:50:04.049562+00:00
none,highly active,very high,3,29,6.64,7.55,6.05,6.92,0.0,0.0,0.0,55.17,0.0,91.3,99.2,121.8,78.6,15339.0,10.34,62.07,4.1,1455.35,523.6,0.0,0.0,0.0,37.6,72.41,0.0,0.0,2026-01-10 16:50:04.049562+00:00
insomnia,nan,4,4,28,6.53,7.0,2.64,7.32,14.29,42.86,0.0,0.0,0.0,69.6,96.2,135.9,89.5,6073.0,57.14,7.14,3.7,1326.41,541.46,0.0,28.57,78.57,34.6,78.57,0.0,0.0,2026-01-10 16:50:04.049562+00:00
sleep apnea,actve,unknown,7,27,5.75,7.7,2.14,9.52,37.04,7.41,11.11,51.85,0.0,63.6,98.7,138.4,92.8,8110.0,55.56,44.44,3.6,1424.76,497.17,0.0,0.0,77.78,52.0,25.93,0.0,100.0,2026-01-10 16:50:04.049562+00:00
sleep apnea,nan,10,4,27,7.96,7.0,6.46,9.26,0.0,66.67,3.7,33.33,0.0,66.4,97.2,140.0,95.0,7850.0,29.63,29.63,3.4,1446.76,588.95,0.0,0.0,100.0,36.0,40.74,0.0,0.0,2026-01-10 16:50:04.049562+00:00
sleep apnea,highly_active,unknown,7,25,6.37,7.28,5.53,8.38,28.0,12.0,0.0,44.0,0.0,69.0,97.8,138.4,92.4,3087.0,96.0,0.0,4.1,1532.38,640.27,0.0,0.0,88.0,59.0,56.0,0.0,100.0,2026-01-10 16:50:04.049562+00:00
insomnia,nan,2,4,25,7.23,7.04,5.46,7.7,16.0,72.0,0.0,24.0,0.0,85.6,97.3,130.0,85.0,10132.0,0.0,20.0,3.1,1671.17,442.08,12.0,0.0,24.0,38.5,0.0,8.0,0.0,2026-01-10 16:50:04.049562+00:00
sleep apnea,nan,2,5,24,7.5,6.75,5.13,9.62,33.33,25.0,33.33,33.33,25.0,82.6,98.0,136.5,91.6,9089.0,25.0,16.67,3.7,1485.97,607.31,0.0,8.33,66.67,51.3,33.33,16.67,0.0,2026-01-10 16:50:04.049562+00:00
insomnia,highly active,unknown,6,24,5.53,6.38,4.29,8.45,79.17,8.33,0.0,0.0,16.67,71.4,97.6,132.3,87.5,12278.0,25.0,41.67,5.2,1609.12,427.17,0.0,0.0,45.83,61.9,91.67,0.0,100.0,2026-01-10 16:50:04.049562+00:00
sleep apnea,active,unknown,5,22,6.16,8.05,4.02,8.47,54.55,22.73,0.0,68.18,0.0,101.0,97.3,140.0,95.0,7845.0,31.82,45.45,3.3,1377.57,486.72,54.55,0.0,100.0,49.8,18.18,22.73,100.0,2026-01-10 16:50:04.049562+00:00
sleep apnea,nan,9,4,22,5.39,7.09,4.62,7.77,81.82,18.18,0.0,36.36,0.0,79.1,98.8,139.1,94.1,4787.0,45.45,0.0,3.8,1596.63,645.98,0.0,0.0,90.91,41.7,54.55,18.18,0.0,2026-01-10 16:50:04.049562+00:00
sleep apnea,nan,3,6,21,7.07,7.14,5.46,8.46,28.57,71.43,0.0,33.33,0.0,75.9,97.8,138.3,92.0,7273.0,42.86,38.1,4.0,1307.38,626.72,0.0,0.0,76.19,46.1,85.71,0.0,0.0,2026-01-10 16:50:04.049562+00:00
insomnia,highly_active,unknown,3,21,7.11,6.0,6.91,7.87,0.0,19.05,0.0,0.0,0.0,61.6,96.8,130.0,85.0,2032.0,100.0,0.0,5.3,1382.55,543.11,0.0,0.0,0.0,33.7,33.33,0.0,100.0,2026-01-10 16:50:04.049562+00:00
sleep apnea,nan,1,6,21,7.19,6.81,5.11,10.6,33.33,23.81,28.57,23.81,9.52,79.8,98.0,138.0,92.6,6402.0,33.33,33.33,3.8,1382.14,704.95,14.29,0.0,71.43,40.6,61.9,0.0,0.0,2026-01-10 16:50:04.049562+00:00
insomnia,nan,8,3,20,7.72,6.9,6.01,8.18,0.0,80.0,0.0,30.0,20.0,73.8,98.2,131.0,86.2,1042.0,100.0,0.0,4.7,1761.5,859.28,0.0,0.0,20.0,41.0,20.0,0.0,0.0,2026-01-10 16:50:04.049562+00:00
insomnia,nan,7,4,18,6.49,6.67,4.88,7.55,16.67,16.67,0.0,0.0,0.0,66.3,100.0,136.4,89.2,4842.0,33.33,0.0,3.9,1268.39,555.16,0.0,0.0,66.67,38.4,83.33,44.44,0.0,2026-01-10 16:50:04.049562+00:00
insomnia,seddentary,very high,3,15,5.7,6.53,5.17,6.71,73.33,0.0,0.0,0.0,0.0,65.5,97.5,132.7,87.7,7106.0,0.0,0.0,5.9,1884.13,447.65,0.0,0.0,53.33,74.1,53.33,26.67,0.0,2026-01-10 16:50:04.049562+00:00
insomnia,highly_active,very high,1,14,6.45,6.0,6.45,6.45,0.0,0.0,0.0,0.0,0.0,70.7,99.1,130.0,85.0,6043.0,0.0,0.0,5.9,1409.16,630.07,0.0,0.0,0.0,25.0,0.0,0.0,0.0,2026-01-10 16:50:04.049562+00:00
insomnia,sedentary,very high,2,14,6.89,7.0,6.66,6.93,0.0,0.0,0.0,0.0,0.0,79.6,98.9,135.0,90.0,4941.0,85.71,0.0,3.7,1094.13,763.07,0.0,0.0,100.0,47.0,0.0,0.0,0.0,2026-01-10 16:50:04.049562+00:00
insomnia,active,very high,1,12,7.24,6.5,7.24,7.24,0.0,100.0,0.0,0.0,0.0,65.1,95.9,132.5,87.5,24410.0,0.0,100.0,4.2,1613.44,623.48,0.0,0.0,50.0,24.0,0.0,0.0,0.0,2026-01-10 16:50:04.049562+00:00
sleep apnea,actve,very high,2,11,3.7,6.36,3.52,3.77,100.0,0.0,0.0,0.0,0.0,75.3,97.5,132.7,89.5,3251.0,72.73,0.0,3.8,1632.2,638.83,0.0,0.0,63.64,22.9,0.0,0.0,0.0,2026-01-10 16:50:04.049562+00:00
insomnia,nan,10,2,10,5.18,6.4,3.85,6.15,70.0,0.0,0.0,0.0,0.0,76.6,96.4,132.0,87.0,7604.0,70.0,30.0,4.0,1592.94,274.64,0.0,0.0,40.0,54.4,60.0,0.0,0.0,2026-01-10 16:50:04.049562+00:00
sleep apnea,active,very high,1,10,7.45,9.0,7.45,7.45,0.0,100.0,0.0,100.0,0.0,99.4,97.2,140.0,95.0,1049.0,100.0,0.0,4.0,1324.8,644.94,0.0,0.0,100.0,24.0,0.0,0.0,0.0,2026-01-10 16:50:04.049562+00:00
insomnia,nan,5,2,10,5.76,7.0,5.0,6.61,50.0,0.0,0.0,0.0,0.0,61.4,98.8,135.0,90.0,7270.0,50.0,30.0,5.0,1411.2,525.19,0.0,0.0,100.0,41.0,60.0,0.0,0.0,2026-01-10 16:50:04.049562+00:00
insomnia,actve,very high,2,10,4.66,7.0,3.52,6.39,60.0,0.0,0.0,0.0,0.0,68.4,97.3,135.0,90.0,5054.0,40.0,0.0,4.2,1308.73,851.44,0.0,0.0,100.0,29.2,0.0,0.0,0.0,2026-01-10 16:50:04.049562+00:00
sleep apnea,sedentary,very high,4,9,7.39,6.0,5.51,8.91,22.22,44.44,0.0,11.11,22.22,72.1,98.7,136.4,91.4,8183.0,11.11,0.0,3.9,1451.08,745.46,0.0,0.0,66.67,55.4,44.44,11.11,0.0,2026-01-10 16:50:04.049562+00:00
sleep apnea,nan,8,3,9,6.19,8.11,6.01,6.52,0.0,0.0,0.0,77.78,22.22,70.0,98.0,137.2,91.2,10097.0,66.67,33.33,3.9,1449.77,708.33,0.0,0.0,77.78,62.6,77.78,0.0,0.0,2026-01-10 16:50:04.049562+00:00
insomnia,nan,6,3,9,5.92,5.78,4.45,7.39,66.67,33.33,0.0,0.0,44.44,62.8,97.1,130.0,85.4,4801.0,77.78,0.0,3.7,1207.76,700.58,0.0,0.0,0.0,57.8,44.44,0.0,0.0,2026-01-10 16:50:04.049562+00:00
sleep apnea,nan,6,2,8,5.01,7.25,4.45,5.56,100.0,0.0,0.0,50.0,25.0,58.3,96.9,135.0,90.3,5086.0,50.0,0.0,3.9,1605.78,678.83,0.0,0.0,50.0,62.5,50.0,0.0,0.0,2026-01-10 16:50:04.049562+00:00
insomnia,nan,3,2,6,7.46,7.0,5.46,8.46,33.33,66.67,0.0,0.0,0.0,77.8,99.3,135.0,90.0,5251.0,33.33,0.0,2.8,1286.94,442.4,0.0,0.0,100.0,41.7,66.67,0.0,0.0,2026-01-10 16:50:04.049562+00:00
none,nan,unknown,1,4,6.78,9.0,6.78,6.78,0.0,0.0,0.0,100.0,0.0,61.0,96.6,125.0,80.0,1541.0,100.0,0.0,2.8,977.29,629.0,0.0,0.0,0.0,65.0,100.0,0.0,100.0,2026-01-10 16:50:04.049562+00:00
sleep apnea,nan,unknown,1,4,6.78,6.0,6.78,6.78,0.0,0.0,0.0,0.0,0.0,61.0,96.6,140.0,95.0,1541.0,100.0,0.0,2.8,977.29,629.0,0.0,0.0,100.0,65.0,100.0,0.0,100.0,2026-01-10 16:50:04.049562+00:00
sleep apnea,seddentary,very high,1,1,6.51,9.0,6.51,6.51,0.0,0.0,0.0,100.0,0.0,94.4,96.7,140.0,95.0,879.0,100.0,0.0,2.0,1572.82,382.42,0.0,0.0,100.0,21.0,100.0,0.0,0.0,2026-01-10 16:50:04.049562+00:00
